id,uid,slug,abbreviation,displayName,shortDisplayName,name,nickname,location,color,alternateColor,isActive,isAllStar,logos,links
349,s:600~t:349,eng.bournemouth,BOU,AFC Bournemouth,Bournemouth,AFC Bournemouth,Bournemouth,AFC Bournemouth,f42727,ffffff,True,False,"[{'href': 'https://a.espncdn.com/i/teamlogos/soccer/500/349.png', 'alt': '', 'rel': ['full', 'default'], 'width': 500, 'height': 500}, {'href': 'https://a.espncdn.com/i/teamlogos/soccer/500-dark/349.png', 'alt': '', 'rel': ['full', 'dark'], 'width': 500, 'height': 500}]","[{'language': 'en-US', 'rel': ['clubhouse', 'desktop', 'team'], 'href': 'https://www.espn.com/soccer/club/_/id/349/afc-bournemouth', 'text': 'Clubhouse', 'shortText': 'Clubhouse', 'isExternal': False, 'isPremium': False, 'isHidden': False}, {'language': 'en-US', 'rel': ['stats', 'desktop', 'team'], 'href': 'https://www.espn.com/soccer/team/stats/_/id/349/afc-bournemouth', 'text': 'Stats', 'shortText': 'Stats', 'isExternal': False, 'isPremium': False, 'isHidden': False}, {'language': 'en-US', 'rel': ['schedule', 'desktop', 'team'], 'href': 'https://www.espn.com/soccer/team/fixtures/_/id/349/afc-bournemouth', 'text': 'Fixtures', 'shortText': 'Fixtures', 'isExternal': False, 'isPremium': False, 'isHidden': False}]"
359,s:600~t:359,eng.arsenal,ARS,Arsenal,Arsenal,Arsenal,Gunners,Arsenal,e20520,132257,True,False,"[{'href': 'https://a.espncdn.com/i/teamlogos/soccer/500/359.png', 'alt': '', 'rel': ['full', 'default'], 'width': 500, 'height': 500}, {'href': 'https://a.espncdn.com/i/teamlogos/soccer/500-dark/359.png', 'alt': '', 'rel': ['full', 'dark'], 'width': 500, 'height': 500}]","[{'language': 'en-US', 'rel': ['clubhouse', 'desktop', 'team'], 'href': 'https://www.espn.com/soccer/club/_/id/359/arsenal', 'text': 'Clubhouse', 'shortText': 'Clubhouse', 'isExternal': False, 'isPremium': False, 'isHidden': False}, {'language': 'en-US', 'rel': ['stats', 'desktop', 'team'], 'href': 'https://www.espn.com/soccer/team/stats/_/id/359/arsenal', 'text': 'Stats', 'shortText': 'Stats', 'isExternal': False, 'isPremium': False, 'isHidden': False}, {'language': 'en-US', 'rel': ['schedule', 'desktop', 'team'], 'href': 'https://www.espn.com/soccer/team/fixtures/_/id/359/arsenal', 'text': 'Fixtures', 'shortText': 'Fixtures', 'isExternal': False, 'isPremium': False, 'isHidden': False}]"
362,s:600~t:362,eng.aston_villa,AVL,Aston Villa,Aston Villa,Aston Villa,Aston Villa,Aston Villa,660e36,ffffff,True,False,"[{'href': 'https://a.espncdn.com/i/teamlogos/soccer/500/362.png', 'alt': '', 'rel': ['full', 'default'], 'width': 500, 'height': 500}, {'href': 'https://a.espncdn.com/i/teamlogos/soccer/500-dark/362.png', 'alt': '', 'rel': ['full', 'dark'], 'width': 500, 'height': 500}]","[{'language': 'en-US', 'rel': ['clubhouse', 'desktop', 'team'], 'href': 'https://www.espn.com/soccer/club/_/id/362/aston-villa', 'text': 'Clubhouse', 'shortText': 'Clubhouse', 'isExternal': False, 'isPremium': False, 'isHidden': False}, {'language': 'en-US', 'rel': ['stats', 'desktop', 'team'], 'href': 'https://www.espn.com/soccer/team/stats/_/id/362/aston-villa', 'text': 'Stats', 'shortText': 'Stats', 'isExternal': False, 'isPremium': False, 'isHidden': False}, {'language': 'en-US', 'rel': ['schedule', 'desktop', 'team'], 'href': 'https://www.espn.com/soccer/team/fixtures/_/id/362/aston-villa', 'text': 'Fixtures', 'shortText': 'Fixtures', 'isExternal': False, 'isPremium': False, 'isHidden': False}]"
337,s:600~t:337,eng.brentford,BRE,Brentford,Brentford,Brentford,Brentford,Brentford,f42727,f8ced9,True,False,"[{'href': 'https://a.espncdn.com/i/teamlogos/soccer/500/337.png', 'alt': '', 'rel': ['full', 'default'], 'width': 500, 'height': 500}, {'href': 'https://a.espncdn.com/i/teamlogos/soccer/500-dark/337.png', 'alt': '', 'rel': ['full', 'dark'], 'width': 500, 'height': 500}]","[{'language': 'en-US', 'rel': ['clubhouse', 'desktop', 'team'], 'href': 'https://www.espn.com/soccer/club/_/id/337/brentford', 'text': 'Clubhouse', 'shortText': 'Clubhouse', 'isExternal': False, 'isPremium': False, 'isHidden': False}, {'language': 'en-US', 'rel': ['stats', 'desktop', 'team'], 'href': 'https://www.espn.com/soccer/team/stats/_/id/337/brentford', 'text': 'Stats', 'shortText': 'Stats', 'isExternal': False, 'isPremium': False, 'isHidden': False}, {'language': 'en-US', 'rel': ['schedule', 'desktop', 'team'], 'href': 'https://www.espn.com/soccer/team/fixtures/_/id/337/brentford', 'text': 'Fixtures', 'shortText': 'Fixtures', 'isExternal': False, 'isPremium': False, 'isHidden': False}]"
331,s:600~t:331,eng.brighton,BHA,Brighton & Hove Albion,Brighton,Brighton & Hove Albion,Seagulls,Brighton & Hove Albion,0606fa,ffdd00,True,False,"[{'href': 'https://a.espncdn.com/i/teamlogos/soccer/500/331.png', 'alt': '', 'rel': ['full', 'default'], 'width': 500, 'height': 500}, {'href': 'https://a.espncdn.com/i/teamlogos/soccer/500-dark/331.png', 'alt': '', 'rel': ['full', 'dark'], 'width': 500, 'height': 500}]","[{'language': 'en-US', 'rel': ['clubhouse', 'desktop', 'team'], 'href': 'https://www.espn.com/soccer/club/_/id/331/brighton-hove-albion', 'text': 'Clubhouse', 'shortText': 'Clubhouse', 'isExternal': False, 'isPremium': False, 'isHidden': False}, {'language': 'en-US', 'rel': ['stats', 'desktop', 'team'], 'href': 'https://www.espn.com/soccer/team/stats/_/id/331/brighton-hove-albion', 'text': 'Stats', 'shortText': 'Stats', 'isExternal': False, 'isPremium': False, 'isHidden': False}, {'language': 'en-US', 'rel': ['schedule', 'desktop', 'team'], 'href': 'https://www.espn.com/soccer/team/fixtures/_/id/331/brighton-hove-albion', 'text': 'Fixtures', 'shortText': 'Fixtures', 'isExternal': False, 'isPremium': False, 'isHidden': False}]"
363,s:600~t:363,eng.chelsea,CHE,Chelsea,Chelsea,Chelsea,Blues,Chelsea,144992,ffeeee,True,False,"[{'href': 'https://a.espncdn.com/i/teamlogos/soccer/500/363.png', 'alt': '', 'rel': ['full', 'default'], 'width': 500, 'height': 500}, {'href': 'https://a.espncdn.com/i/teamlogos/soccer/500-dark/363.png', 'alt': '', 'rel': ['full', 'dark'], 'width': 500, 'height': 500}]","[{'language': 'en-US', 'rel': ['clubhouse', 'desktop', 'team'], 'href': 'https://www.espn.com/soccer/club/_/id/363/chelsea', 'text': 'Clubhouse', 'shortText': 'Clubhouse', 'isExternal': False, 'isPremium': False, 'isHidden': False}, {'language': 'en-US', 'rel': ['stats', 'desktop', 'team'], 'href': 'https://www.espn.com/soccer/team/stats/_/id/363/chelsea', 'text': 'Stats', 'shortText': 'Stats', 'isExternal': False, 'isPremium': False, 'isHidden': False}, {'language': 'en-US', 'rel': ['schedule', 'desktop', 'team'], 'href': 'https://www.espn.com/soccer/team/fixtures/_/id/363/chelsea', 'text': 'Fixtures', 'shortText': 'Fixtures', 'isExternal': False, 'isPremium': False, 'isHidden': False}]"
384,s:600~t:384,eng.crystal_palace,CRY,Crystal Palace,C Palace,Crystal Palace,Eagles,Crystal Palace,0202fb,ffdd00,True,False,"[{'href': 'https://a.espncdn.com/i/teamlogos/soccer/500/384.png', 'alt': '', 'rel': ['full', 'default'], 'width': 500, 'height': 500}, {'href': 'https://a.espncdn.com/i/teamlogos/soccer/500-dark/384.png', 'alt': '', 'rel': ['full', 'dark'], 'width': 500, 'height': 500}]","[{'language': 'en-US', 'rel': ['clubhouse', 'desktop', 'team'], 'href': 'https://www.espn.com/soccer/club/_/id/384/crystal-palace', 'text': 'Clubhouse', 'shortText': 'Clubhouse', 'isExternal': False, 'isPremium': False, 'isHidden': False}, {'language': 'en-US', 'rel': ['stats', 'desktop', 'team'], 'href': 'https://www.espn.com/soccer/team/stats/_/id/384/crystal-palace', 'text': 'Stats', 'shortText': 'Stats', 'isExternal': False, 'isPremium': False, 'isHidden': False}, {'language': 'en-US', 'rel': ['schedule', 'desktop', 'team'], 'href': 'https://www.espn.com/soccer/team/fixtures/_/id/384/crystal-palace', 'text': 'Fixtures', 'shortText': 'Fixtures', 'isExternal': False, 'isPremium': False, 'isHidden': False}]"
368,s:600~t:368,eng.everton,EVE,Everton,Everton,Everton,Toffees,Everton,0606fa,132257,True,False,"[{'href': 'https://a.espncdn.com/i/teamlogos/soccer/500/368.png', 'alt': '', 'rel': ['full', 'default'], 'width': 500, 'height': 500}, {'href': 'https://a.espncdn.com/i/teamlogos/soccer/500-dark/368.png', 'alt': '', 'rel': ['full', 'dark'], 'width': 500, 'height': 500}]","[{'language': 'en-US', 'rel': ['clubhouse', 'desktop', 'team'], 'href': 'https://www.espn.com/soccer/club/_/id/368/everton', 'text': 'Clubhouse', 'shortText': 'Clubhouse', 'isExternal': False, 'isPremium': False, 'isHidden': False}, {'language': 'en-US', 'rel': ['stats', 'desktop', 'team'], 'href': 'https://www.espn.com/soccer/team/stats/_/id/368/everton', 'text': 'Stats', 'shortText': 'Stats', 'isExternal': False, 'isPremium': False, 'isHidden': False}, {'language': 'en-US', 'rel': ['schedule', 'desktop', 'team'], 'href': 'https://www.espn.com/soccer/team/fixtures/_/id/368/everton', 'text': 'Fixtures', 'shortText': 'Fixtures', 'isExternal': False, 'isPremium': False, 'isHidden': False}]"
370,s:600~t:370,eng.fulham,FUL,Fulham,Fulham,Fulham,Fulham,Fulham,ffffff,d11317,True,False,"[{'href': 'https://a.espncdn.com/i/teamlogos/soccer/500/370.png', 'alt': '', 'rel': ['full', 'default'], 'width': 500, 'height': 500}, {'href': 'https://a.espncdn.com/i/teamlogos/soccer/500-dark/370.png', 'alt': '', 'rel': ['full', 'dark'], 'width': 500, 'height': 500}]","[{'language': 'en-US', 'rel': ['clubhouse', 'desktop', 'team'], 'href': 'https://www.espn.com/soccer/club/_/id/370/fulham', 'text': 'Clubhouse', 'shortText': 'Clubhouse', 'isExternal': False, 'isPremium': False, 'isHidden': False}, {'language': 'en-US', 'rel': ['stats', 'desktop', 'team'], 'href': 'https://www.espn.com/soccer/team/stats/_/id/370/fulham', 'text': 'Stats', 'shortText': 'Stats', 'isExternal': False, 'isPremium': False, 'isHidden': False}, {'language': 'en-US', 'rel': ['schedule', 'desktop', 'team'], 'href': 'https://www.espn.com/soccer/team/fixtures/_/id/370/fulham', 'text': 'Fixtures', 'shortText': 'Fixtures', 'isExternal': False, 'isPremium': False, 'isHidden': False}]"
373,s:600~t:373,eng.ipswich,IPS,Ipswich Town,Ipswich,Ipswich Town,Tractor Boys,Ipswich Town,0000fa,cd1937,True,False,"[{'href': 'https://a.espncdn.com/i/teamlogos/soccer/500/373.png', 'alt': '', 'rel': ['full', 'default'], 'width': 500, 'height': 500}, {'href': 'https://a.espncdn.com/i/teamlogos/soccer/500-dark/373.png', 'alt': '', 'rel': ['full', 'dark'], 'width': 500, 'height': 500}]","[{'language': 'en-US', 'rel': ['clubhouse', 'desktop', 'team'], 'href': 'https://www.espn.com/soccer/club/_/id/373/ipswich-town', 'text': 'Clubhouse', 'shortText': 'Clubhouse', 'isExternal': False, 'isPremium': False, 'isHidden': False}, {'language': 'en-US', 'rel': ['stats', 'desktop', 'team'], 'href': 'https://www.espn.com/soccer/team/stats/_/id/373/ipswich-town', 'text': 'Stats', 'shortText': 'Stats', 'isExternal': False, 'isPremium': False, 'isHidden': False}, {'language': 'en-US', 'rel': ['schedule', 'desktop', 'team'], 'href': 'https://www.espn.com/soccer/team/fixtures/_/id/373/ipswich-town', 'text': 'Fixtures', 'shortText': 'Fixtures', 'isExternal': False, 'isPremium': False, 'isHidden': False}]"
375,s:600~t:375,eng.leicester,LEI,Leicester City,Leicester,Leicester City,Foxes,Leicester City,0202fb,000000,True,False,"[{'href': 'https://a.espncdn.com/i/teamlogos/soccer/500/375.png', 'alt': '', 'rel': ['full', 'default'], 'width': 500, 'height': 500}, {'href': 'https://a.espncdn.com/i/teamlogos/soccer/500-dark/375.png', 'alt': '', 'rel': ['full', 'dark'], 'width': 500, 'height': 500}]","[{'language': 'en-US', 'rel': ['clubhouse', 'desktop', 'team'], 'href': 'https://www.espn.com/soccer/club/_/id/375/leicester-city', 'text': 'Clubhouse', 'shortText': 'Clubhouse', 'isExternal': False, 'isPremium': False, 'isHidden': False}, {'language': 'en-US', 'rel': ['stats', 'desktop', 'team'], 'href': 'https://www.espn.com/soccer/team/stats/_/id/375/leicester-city', 'text': 'Stats', 'shortText': 'Stats', 'isExternal': False, 'isPremium': False, 'isHidden': False}, {'language': 'en-US', 'rel': ['schedule', 'desktop', 'team'], 'href': 'https://www.espn.com/soccer/team/fixtures/_/id/375/leicester-city', 'text': 'Fixtures', 'shortText': 'Fixtures', 'isExternal': False, 'isPremium': False, 'isHidden': False}]"
364,s:600~t:364,eng.liverpool,LIV,Liverpool,Liverpool,Liverpool,Reds,Liverpool,d11317,132257,True,False,"[{'href': 'https://a.espncdn.com/i/teamlogos/soccer/500/364.png', 'alt': '', 'rel': ['full', 'default'], 'width': 500, 'height': 500}, {'href': 'https://a.espncdn.com/i/teamlogos/soccer/500-dark/364.png', 'alt': '', 'rel': ['full', 'dark'], 'width': 500, 'height': 500}]","[{'language': 'en-US', 'rel': ['clubhouse', 'desktop', 'team'], 'href': 'https://www.espn.com/soccer/club/_/id/364/liverpool', 'text': 'Clubhouse', 'shortText': 'Clubhouse', 'isExternal': False, 'isPremium': False, 'isHidden': False}, {'language': 'en-US', 'rel': ['stats', 'desktop', 'team'], 'href': 'https://www.espn.com/soccer/team/stats/_/id/364/liverpool', 'text': 'Stats', 'shortText': 'Stats', 'isExternal': False, 'isPremium': False, 'isHidden': False}, {'language': 'en-US', 'rel': ['schedule', 'desktop', 'team'], 'href': 'https://www.espn.com/soccer/team/fixtures/_/id/364/liverpool', 'text': 'Fixtures', 'shortText': 'Fixtures', 'isExternal': False, 'isPremium': False, 'isHidden': False}]"
382,s:600~t:382,eng.man_city,MNC,Manchester City,Man City,Manchester City,Sky Blues,Manchester City,99c5ea,e6ff00,True,False,"[{'href': 'https://a.espncdn.com/i/teamlogos/soccer/500/382.png', 'alt': '', 'rel': ['full', 'default'], 'width': 500, 'height': 500}, {'href': 'https://a.espncdn.com/i/teamlogos/soccer/500-dark/382.png', 'alt': '', 'rel': ['full', 'dark'], 'width': 500, 'height': 500}]","[{'language': 'en-US', 'rel': ['clubhouse', 'desktop', 'team'], 'href': 'https://www.espn.com/soccer/club/_/id/382/manchester-city', 'text': 'Clubhouse', 'shortText': 'Clubhouse', 'isExternal': False, 'isPremium': False, 'isHidden': False}, {'language': 'en-US', 'rel': ['stats', 'desktop', 'team'], 'href': 'https://www.espn.com/soccer/team/stats/_/id/382/manchester-city', 'text': 'Stats', 'shortText': 'Stats', 'isExternal': False, 'isPremium': False, 'isHidden': False}, {'language': 'en-US', 'rel': ['schedule', 'desktop', 'team'], 'href': 'https://www.espn.com/soccer/team/fixtures/_/id/382/manchester-city', 'text': 'Fixtures', 'shortText': 'Fixtures', 'isExternal': False, 'isPremium': False, 'isHidden': False}]"
360,s:600~t:360,eng.man_utd,MAN,Manchester United,Man United,Manchester United,Red Devils,Manchester United,da020e,144992,True,False,"[{'href': 'https://a.espncdn.com/i/teamlogos/soccer/500/360.png', 'alt': '', 'rel': ['full', 'default'], 'width': 500, 'height': 500}, {'href': 'https://a.espncdn.com/i/teamlogos/soccer/500-dark/360.png', 'alt': '', 'rel': ['full', 'dark'], 'width': 500, 'height': 500}]","[{'language': 'en-US', 'rel': ['clubhouse', 'desktop', 'team'], 'href': 'https://www.espn.com/soccer/club/_/id/360/manchester-united', 'text': 'Clubhouse', 'shortText': 'Clubhouse', 'isExternal': False, 'isPremium': False, 'isHidden': False}, {'language': 'en-US', 'rel': ['stats', 'desktop', 'team'], 'href': 'https://www.espn.com/soccer/team/stats/_/id/360/manchester-united', 'text': 'Stats', 'shortText': 'Stats', 'isExternal': False, 'isPremium': False, 'isHidden': False}, {'language': 'en-US', 'rel': ['schedule', 'desktop', 'team'], 'href': 'https://www.espn.com/soccer/team/fixtures/_/id/360/manchester-united', 'text': 'Fixtures', 'shortText': 'Fixtures', 'isExternal': False, 'isPremium': False, 'isHidden': False}]"
361,s:600~t:361,eng.newcastle,NEW,Newcastle United,Newcastle,Newcastle United,Magpies/Toon,Newcastle United,000000,cd1937,True,False,"[{'href': 'https://a.espncdn.com/i/teamlogos/soccer/500/361.png', 'alt': '', 'rel': ['full', 'default'], 'width': 500, 'height': 500}, {'href': 'https://a.espncdn.com/i/teamlogos/soccer/500-dark/361.png', 'alt': '', 'rel': ['full', 'dark'], 'width': 500, 'height': 500}]","[{'language': 'en-US', 'rel': ['clubhouse', 'desktop', 'team'], 'href': 'https://www.espn.com/soccer/club/_/id/361/newcastle-united', 'text': 'Clubhouse', 'shortText': 'Clubhouse', 'isExternal': False, 'isPremium': False, 'isHidden': False}, {'language': 'en-US', 'rel': ['stats', 'desktop', 'team'], 'href': 'https://www.espn.com/soccer/team/stats/_/id/361/newcastle-united', 'text': 'Stats', 'shortText': 'Stats', 'isExternal': False, 'isPremium': False, 'isHidden': False}, {'language': 'en-US', 'rel': ['schedule', 'desktop', 'team'], 'href': 'https://www.espn.com/soccer/team/fixtures/_/id/361/newcastle-united', 'text': 'Fixtures', 'shortText': 'Fixtures', 'isExternal': False, 'isPremium': False, 'isHidden': False}]"
393,s:600~t:393,eng.nottm_forest,NFO,Nottingham Forest,Nottm Forest,Nottingham Forest,Nottingham F.,Nottingham Forest,c8102e,132257,True,False,"[{'href': 'https://a.espncdn.com/i/teamlogos/soccer/500/393.png', 'alt': '', 'rel': ['full', 'default'], 'width': 500, 'height': 500}, {'href': 'https://a.espncdn.com/i/teamlogos/soccer/500-dark/393.png', 'alt': '', 'rel': ['full', 'dark'], 'width': 500, 'height': 500}]","[{'language': 'en-US', 'rel': ['clubhouse', 'desktop', 'team'], 'href': 'https://www.espn.com/soccer/club/_/id/393/nottingham-forest', 'text': 'Clubhouse', 'shortText': 'Clubhouse', 'isExternal': False, 'isPremium': False, 'isHidden': False}, {'language': 'en-US', 'rel': ['stats', 'desktop', 'team'], 'href': 'https://www.espn.com/soccer/team/stats/_/id/393/nottingham-forest', 'text': 'Stats', 'shortText': 'Stats', 'isExternal': False, 'isPremium': False, 'isHidden': False}, {'language': 'en-US', 'rel': ['schedule', 'desktop', 'team'], 'href': 'https://www.espn.com/soccer/team/fixtures/_/id/393/nottingham-forest', 'text': 'Fixtures', 'shortText': 'Fixtures', 'isExternal': False, 'isPremium': False, 'isHidden': False}]"
376,s:600~t:376,eng.southampton,SOU,Southampton,Southampton,Southampton,Saints,Southampton,ED1A3B,f1ee13,True,False,"[{'href': 'https://a.espncdn.com/i/teamlogos/soccer/500/376.png', 'alt': '', 'rel': ['full', 'default'], 'width': 500, 'height': 500}, {'href': 'https://a.espncdn.com/i/teamlogos/soccer/500-dark/376.png', 'alt': '', 'rel': ['full', 'dark'], 'width': 500, 'height': 500}]","[{'language': 'en-US', 'rel': ['clubhouse', 'desktop', 'team'], 'href': 'https://www.espn.com/soccer/club/_/id/376/southampton', 'text': 'Clubhouse', 'shortText': 'Clubhouse', 'isExternal': False, 'isPremium': False, 'isHidden': False}, {'language': 'en-US', 'rel': ['stats', 'desktop', 'team'], 'href': 'https://www.espn.com/soccer/team/stats/_/id/376/southampton', 'text': 'Stats', 'shortText': 'Stats', 'isExternal': False, 'isPremium': False, 'isHidden': False}, {'language': 'en-US', 'rel': ['schedule', 'desktop', 'team'], 'href': 'https://www.espn.com/soccer/team/fixtures/_/id/376/southampton', 'text': 'Fixtures', 'shortText': 'Fixtures', 'isExternal': False, 'isPremium': False, 'isHidden': False}]"
367,s:600~t:367,eng.tottenham,TOT,Tottenham Hotspur,Tottenham,Tottenham Hotspur,Spurs,Tottenham Hotspur,ffffff,9bafd8,True,False,"[{'href': 'https://a.espncdn.com/i/teamlogos/soccer/500/367.png', 'alt': '', 'rel': ['full', 'default'], 'width': 500, 'height': 500}, {'href': 'https://a.espncdn.com/i/teamlogos/soccer/500-dark/367.png', 'alt': '', 'rel': ['full', 'dark'], 'width': 500, 'height': 500}]","[{'language': 'en-US', 'rel': ['clubhouse', 'desktop', 'team'], 'href': 'https://www.espn.com/soccer/club/_/id/367/tottenham-hotspur', 'text': 'Clubhouse', 'shortText': 'Clubhouse', 'isExternal': False, 'isPremium': False, 'isHidden': False}, {'language': 'en-US', 'rel': ['stats', 'desktop', 'team'], 'href': 'https://www.espn.com/soccer/team/stats/_/id/367/tottenham-hotspur', 'text': 'Stats', 'shortText': 'Stats', 'isExternal': False, 'isPremium': False, 'isHidden': False}, {'language': 'en-US', 'rel': ['schedule', 'desktop', 'team'], 'href': 'https://www.espn.com/soccer/team/fixtures/_/id/367/tottenham-hotspur', 'text': 'Fixtures', 'shortText': 'Fixtures', 'isExternal': False, 'isPremium': False, 'isHidden': False}]"
371,s:600~t:371,eng.west_ham,WHU,West Ham United,West Ham,West Ham United,Hammers/Iron,West Ham United,7c2c3b,000000,True,False,"[{'href': 'https://a.espncdn.com/i/teamlogos/soccer/500/371.png', 'alt': '', 'rel': ['full', 'default'], 'width': 500, 'height': 500}, {'href': 'https://a.espncdn.com/i/teamlogos/soccer/500-dark/371.png', 'alt': '', 'rel': ['full', 'dark'], 'width': 500, 'height': 500}]","[{'language': 'en-US', 'rel': ['clubhouse', 'desktop', 'team'], 'href': 'https://www.espn.com/soccer/club/_/id/371/west-ham-united', 'text': 'Clubhouse', 'shortText': 'Clubhouse', 'isExternal': False, 'isPremium': False, 'isHidden': False}, {'language': 'en-US', 'rel': ['stats', 'desktop', 'team'], 'href': 'https://www.espn.com/soccer/team/stats/_/id/371/west-ham-united', 'text': 'Stats', 'shortText': 'Stats', 'isExternal': False, 'isPremium': False, 'isHidden': False}, {'language': 'en-US', 'rel': ['schedule', 'desktop', 'team'], 'href': 'https://www.espn.com/soccer/team/fixtures/_/id/371/west-ham-united', 'text': 'Fixtures', 'shortText': 'Fixtures', 'isExternal': False, 'isPremium': False, 'isHidden': False}]"
380,s:600~t:380,eng.wolverhampton,WOL,Wolverhampton Wanderers,Wolves,Wolverhampton Wanderers,Wolves,Wolverhampton Wanderers,fdb913,cd1937,True,False,"[{'href': 'https://a.espncdn.com/i/teamlogos/soccer/500/380.png', 'alt': '', 'rel': ['full', 'default'], 'width': 500, 'height': 500}, {'href': 'https://a.espncdn.com/i/teamlogos/soccer/500-dark/380.png', 'alt': '', 'rel': ['full', 'dark'], 'width': 500, 'height': 500}]","[{'language': 'en-US', 'rel': ['clubhouse', 'desktop', 'team'], 'href': 'https://www.espn.com/soccer/club/_/id/380/wolverhampton-wanderers', 'text': 'Clubhouse', 'shortText': 'Clubhouse', 'isExternal': False, 'isPremium': False, 'isHidden': False}, {'language': 'en-US', 'rel': ['stats', 'desktop', 'team'], 'href': 'https://www.espn.com/soccer/team/stats/_/id/380/wolverhampton-wanderers', 'text': 'Stats', 'shortText': 'Stats', 'isExternal': False, 'isPremium': False, 'isHidden': False}, {'language': 'en-US', 'rel': ['schedule', 'desktop', 'team'], 'href': 'https://www.espn.com/soccer/team/fixtures/_/id/380/wolverhampton-wanderers', 'text': 'Fixtures', 'shortText': 'Fixtures', 'isExternal': False, 'isPremium': False, 'isHidden': False}]"
